isin,name,category,currency,source,type,first_date,last_date,years_of_data,data_points,total_return_%,cagr_%,annual_vol_%,sharpe_ratio,max_drawdown_%,calmar_ratio,var_95_daily_%,win_rate_%,last_nav,id,ticker
BM_NASDAQ100,NASDAQ 100,RV EEUU,USD,,benchmark,1990-01-02,2026-10-02,36.7,9256,13428.57,14.29,26.35,0.487,-82.9,0.203,-2.617,54.7,30807.929688,BM_NASDAQ100,^NDX
BM_SP500,S&P 500,RV EEUU,USD,,benchmark,1990-01-02,2026-10-02,36.7,9256,2047.05,8.7,17.96,0.332,-56.78,0.176,-1.707,53.6,7722.720215,BM_SP500,^GSPC
BM_DOWJONES,Dow Jones Industrial,RV EEUU,USD,,benchmark,1992-01-02,2026-10-02,34.7,8750,1513.19,8.33,17.33,0.318,-53.78,0.177,-1.624,53.4,51176.960938,BM_DOWJONES,^DJI
BM_DAX,DAX 40,RV Europa,EUR,,benchmark,1990-01-02,2026-10-02,36.7,9300,1310.44,7.47,21.7,0.255,-72.68,0.131,-2.121,53.2,25231.199219,BM_DAX,^GDAXI
BM_SP500_ETF,S&P 500 (iShares UCITS ETF),RV EEUU,USD,,benchmark,2010-09-15,2026-10-01,16.0,4052,761.07,14.36,15.44,0.686,-33.9,0.43,-1.504,52.9,822.669983,BM_SP500_ETF,CSPX.L
BM_HSI,Hang Seng Index,RV Asia,HKD,,benchmark,1990-01-02,2026-10-02,36.7,9070,744.66,5.98,24.65,0.201,-65.18,0.138,-2.305,51.5,23972.289062,BM_HSI,^HSI
BM_IBEX35,IBEX 35,RV España,EUR,,benchmark,1993-07-12,2026-10-02,33.2,8421,575.25,5.92,21.8,0.188,-62.65,0.129,-2.139,53.0,19085.300781,BM_IBEX35,^IBEX
BM_MSCI_WORLD,MSCI World (iShares ETF),RV Global,GBp,,benchmark,2009-01-02,2026-10-01,17.7,4482,455.8,10.15,15.11,0.45,-25.56,0.422,-1.487,53.3,7859.0,BM_MSCI_WORLD,IWRD.L
BM_CYBERSEC,First Trust Cyber Security ETF,RV Tematico,USD,,benchmark,2015-07-07,2026-10-02,11.2,2828,422.98,15.86,23.75,0.572,-34.27,0.513,-2.451,54.5,104.699997,BM_CYBERSEC,CIBR
BM_MSCI_ACWI,MSCI ACWI (iShares ETF),RV Global,USD,,benchmark,2011-10-21,2026-10-01,14.9,3775,381.15,11.08,15.52,0.496,-33.82,0.346,-1.514,54.0,121.809998,BM_MSCI_ACWI,ISAC.L
BM_WATER,Invesco Water Resources ETF,RV Tematico,USD,,benchmark,2005-12-06,2026-10-02,20.8,5238,339.16,7.37,23.15,0.251,-55.8,0.176,-2.11,51.8,68.07,BM_WATER,PHO
BM_CAC40,CAC 40,RV Europa,EUR,,benchmark,1990-03-01,2026-10-02,36.6,9294,331.07,4.07,21.07,0.104,-65.29,0.095,-2.051,51.6,7897.189941,BM_CAC40,^FCHI
BM_FTSE100,FTSE 100,RV Europa,GBP,,benchmark,1990-01-02,2026-10-02,36.7,9284,329.81,4.05,17.0,0.083,-52.57,0.103,-1.603,52.1,10462.0,BM_FTSE100,^FTSE
BM_MSCI_EM,MSCI Emerging Markets ETF,RV Emergentes,GBp,,benchmark,2009-01-02,2026-10-01,17.7,4482,208.85,6.56,19.81,0.218,-37.43,0.222,-1.958,52.4,4983.25,BM_MSCI_EM,IEEM.L
ES0108192008,Allianz Bolsa Española FI,Equity ES,EUR,yfinance (ticker=0P0001JD2Q.F),fund,2020-02-28,2026-10-01,6.6,1670,169.15,16.21,16.01,0.764,-21.64,0.75,-1.499,52.5,26.914869,,
LU1143164405,Allianz Japan Equity AT H EUR,Equity JP,EUR,yfinance (ticker=0P00016L5V.F),fund,2022-03-08,2026-10-02,4.6,1041,161.69,23.43,19.86,1.073,-23.38,1.082,-1.666,56.0,326.929993,,
BM_STOXX600,Stoxx Europe 600,RV Europa,EUR,,benchmark,2004-04-26,2026-10-02,22.4,5643,155.53,4.27,17.69,0.099,-60.54,0.095,-1.702,53.3,631.349976,BM_STOXX600,^STOXX
LU0348753244,Allianz Japan Equity CT H EUR,Equity JP,EUR,yfinance (ticker=0P00015C6M.F),fund,2022-03-08,2026-10-02,4.6,1043,153.01,22.52,19.83,1.031,-23.18,1.054,-1.679,55.5,301.790009,,
BM_METALS,SPDR S&P Metals & Mining ETF,RV Tematico,USD,,benchmark,2006-06-22,2026-10-02,20.3,5102,134.61,4.29,38.25,0.198,-87.34,0.132,-3.627,51.3,105.739998,BM_METALS,XME
BM_EU_SMALLCAP,SPDR MSCI Europe Small Cap ETF,RV Europa,EUR,,benchmark,2015-02-18,2026-10-01,11.6,2952,125.01,7.23,18.13,0.253,-43.93,0.195,-1.728,52.9,68.339996,BM_EU_SMALLCAP,ZPRX.DE
LU2286300988,Allianz Cyber Security AT EUR Acc,Equity Thematic,EUR,yfinance (ticker=0P0001LPJI.F),fund,2022-03-08,2026-10-02,4.6,1038,100.67,16.47,30.97,0.572,-37.15,0.585,-3.206,53.9,198.179993,,
ES0108232002,Allianz Cartera Dinamica FI,Mixed,EUR,yfinance (ticker=0P0001JD2S.F),fund,2020-02-28,2026-09-30,6.6,1667,97.29,10.87,11.35,0.61,-17.47,0.625,-1.098,54.1,19.72916,,
LU1400637036,Allianz Best Styles Global Eq CT EUR,Equity Global,EUR,yfinance (ticker=0P00018MQU.F),fund,2022-03-08,2026-10-02,4.6,1097,82.74,14.1,15.34,0.72,-21.73,0.692,-1.381,54.4,291.980011,,
BM_NIKKEI,Nikkei 225,RV Asia,JPY,,benchmark,1990-01-04,2026-10-02,36.7,9017,76.45,1.56,23.64,0.016,-81.78,0.054,-2.319,51.2,68309.460938,BM_NIKKEI,^N225
LU1282651980,Allianz Best Styles Em Mkts Eq AT EUR,Equity EM,EUR,yfinance (ticker=0P00016V8I.F),fund,2022-03-08,2026-10-02,4.6,1061,74.73,12.99,17.64,0.614,-19.95,0.743,-1.593,54.2,251.0,,
LU1019963369,Allianz Best Styles Europe Eq AT EUR,Equity EU,EUR,yfinance (ticker=0P00014GBG.F),fund,2022-03-08,2026-10-02,4.6,1113,69.73,12.27,13.16,0.674,-15.89,0.81,-1.266,55.5,249.759995,,
LU2089280825,Allianz Best Styles Em Mkts Eq CT EUR,Equity EM,EUR,yfinance (ticker=0P0001IXB8.F),fund,2022-03-08,2026-10-02,4.6,1061,69.33,12.22,17.6,0.573,-20.23,0.696,-1.596,54.1,190.020004,,
LU2089281393,Allianz Best Styles Europe Eq CT EUR,Equity EU,EUR,yfinance (ticker=0P0001IXB9.F),fund,2022-03-08,2026-10-02,4.6,1108,65.97,11.73,13.2,0.637,-16.09,0.772,-1.269,55.0,166.820007,,
LU0933100983,Allianz Best Styles US Equity AT H2 EUR,Equity US,EUR,yfinance (ticker=0P0000YYLC.F),fund,2022-03-08,2026-10-02,4.6,1072,64.85,11.56,18.08,0.52,-24.74,0.542,-1.774,52.4,375.230011,,
LU1602091867,Allianz Global Artfcl Intlgc CT EUR,Equity Thematic,EUR,yfinance (ticker=0P0001AKHI.F),fund,2022-03-08,2026-10-02,4.6,1078,62.02,11.14,28.59,0.398,-39.36,0.391,-2.968,53.9,363.519989,,
LU1228143191,Allianz Best Styles US Equity CT H EUR,Equity US,EUR,yfinance (ticker=0P00016UO8.F),fund,2022-03-08,2026-10-02,4.6,1078,61.78,11.1,18.0,0.493,-24.78,0.52,-1.748,51.9,281.779999,,
BM_MSCI_INDIA,MSCI India ETF (iShares),RV Emergentes,USD,,benchmark,2018-05-29,2026-10-01,8.3,2110,59.38,5.75,21.58,0.182,-42.98,0.184,-1.888,52.4,8.193,BM_MSCI_INDIA,NDIA.L
LU1462192680,Allianz Dyn MltAst Stgy SRI75 CT2 EUR,Mixed,EUR,yfinance (ticker=0P00018TZE.F),fund,2022-03-08,2026-10-02,4.6,1072,53.87,9.89,12.21,0.564,-17.06,0.638,-1.155,54.8,241.059998,,
BM_STOXX50,Euro Stoxx 50,RV Europa,EUR,,benchmark,2007-03-30,2026-10-02,19.5,4891,49.21,2.07,21.72,0.02,-60.29,0.073,-2.074,51.8,6238.5,BM_STOXX50,^STOXX50E
LU1861128574,Allianz Global Small Cap Equity AT EUR,Equity Global,EUR,yfinance (ticker=0P0001H2R3.F),fund,2022-03-08,2026-10-02,4.6,1071,49.05,9.13,17.73,0.394,-25.76,0.426,-1.63,53.7,186.149994,,
LU1387904524,Allianz Best Styles Global AC Eq CT(EUR),Equity Global,EUR,yfinance (ticker=0P0001UXEY.F),fund,2025-03-31,2026-10-02,1.5,361,41.2,25.75,16.2,1.326,-12.98,1.963,-1.384,57.5,135.740005,,
ES0108240005,Allianz Cartera Decidida FI,Mixed,EUR,yfinance (ticker=0P0001JD2P.F),fund,2020-02-28,2026-09-30,6.6,1667,39.44,5.18,5.56,0.213,-8.76,0.592,-0.549,53.5,13.94419,,
LU2399975627,Allianz Better World Dynamic AT EUR,Mixed,EUR,yfinance (ticker=0P0001NSOI.F),fund,2022-03-08,2026-10-02,4.6,1042,33.67,6.56,12.4,0.306,-16.96,0.46,-1.141,52.0,111.389999,,
LU3034475122,Allianz Dyn MltAst Stgy SRI75 CM5 EUR,Mixed,EUR,yfinance (ticker=0P0001V3NQ.F),fund,2025-04-30,2026-10-02,1.4,341,33.38,22.43,11.62,1.552,-9.98,2.208,-1.129,57.6,124.769997,,
LU2514905111,Allianz Better World Dynamic CT2 EUR,Mixed,EUR,yfinance (ticker=0P0001PMAQ.F),fund,2022-09-02,2026-10-02,4.1,968,32.46,7.13,11.33,0.35,-17.01,0.469,-1.004,52.1,129.529999,,
LU1462192417,Allianz Dyn MltAst Stgy SRI 50 CT2 EUR,Mixed,EUR,yfinance (ticker=0P00018TZD.F),fund,2022-03-08,2026-10-02,4.6,1074,31.33,6.15,8.96,0.313,-13.64,0.499,-0.898,53.7,173.720001,,
LU0158827518,Allianz Global Sustainability AT EUR,Equity Global,EUR,yfinance (ticker=0P0001KEQL.F),fund,2022-03-08,2026-10-02,4.6,1105,30.77,6.05,14.98,0.217,-20.34,0.356,-1.361,52.9,161.929993,,
LU2514905038,Allianz Better World Moderate CT2 EUR,Mixed,EUR,yfinance (ticker=0P0001PMAR.F),fund,2022-09-02,2026-10-02,4.1,967,25.7,5.76,8.51,0.274,-12.89,0.491,-0.797,53.2,123.370003,,
LU2364421367,Allianz Better World Moderate AT EUR,Mixed,EUR,yfinance (ticker=0P0001NSOJ.F),fund,2022-03-08,2026-10-02,4.6,1042,23.15,4.66,9.35,0.158,-14.73,0.372,-0.898,52.4,106.599998,,
LU3034475049,Allianz Dyn MltAst Stgy SRI 50 CM5 EUR,Mixed,EUR,yfinance (ticker=0P0001V3NP.F),fund,2025-04-30,2026-10-02,1.4,340,22.24,15.15,8.9,1.273,-8.38,1.83,-0.871,57.5,116.919998,,
LU2514904908,Allianz Better World Defensive CT2 EUR,Mixed,EUR,yfinance (ticker=0P0001PMAP.F),fund,2022-09-02,2026-10-02,4.1,970,20.01,4.57,5.87,0.156,-8.37,0.587,-0.549,54.4,118.230003,,
LU2958546181,Allianz Dynamic Allc Pl Eq CT2 EUR,Equity Global,EUR,yfinance (ticker=0P0001UHJX.F),fund,2025-01-21,2026-10-02,1.7,409,19.26,10.95,20.0,0.444,-25.84,0.499,-2.044,53.4,119.260002,,
ES0108373004,Allianz Cartera Moderada FI,Mixed,EUR,yfinance (ticker=0P0001JD2R.F),fund,2020-02-28,2026-09-30,6.6,1667,19.1,2.69,3.01,-0.436,-5.15,0.523,-0.3,53.3,11.90959,,
LU2387748960,Allianz Global Equity Uncons AT EUR,Equity Global,EUR,yfinance (ticker=0P0001OJ9U.F),fund,2022-03-08,2026-10-02,4.6,1033,17.61,3.61,18.87,0.092,-23.51,0.244,-1.742,52.7,115.730003,,
BM_EUR_CORP,iShares EUR Corp Bond ETF,Renta Fija,EUR,,benchmark,2009-03-06,2026-10-01,17.6,4439,15.71,0.83,4.26,-0.724,-18.19,0.051,-0.342,52.7,115.709999,BM_EUR_CORP,IEAC.L
LU1890834598,Allianz Global Water AT EUR,Equity Thematic,EUR,yfinance (ticker=0P0001F31T.F),fund,2022-03-08,2026-10-02,4.6,1060,15.27,3.16,16.93,0.048,-22.39,0.215,-1.589,50.0,170.949997,,
LU2829845630,Allianz Dyn MltAst Stgy SRI 30 CT2 EUR,Mixed,EUR,yfinance (ticker=0P0001T95B.F),fund,2024-07-01,2026-10-02,2.3,537,14.21,6.07,6.83,0.363,-9.09,0.713,-0.643,56.2,114.209999,,
DE000A2DU1Y2,Kapital Plus Multi Asset 30 CT EUR,Mixed,EUR,yfinance (ticker=0P0001IXUP.F),fund,2019-01-02,2026-10-02,7.7,1946,13.67,1.67,6.89,-0.305,-21.5,0.088,-0.701,54.0,102.410004,,
LU3034474828,Allianz Dyn MltAst Stgy SRI 30 CM5 EUR,Mixed,EUR,yfinance (ticker=0P0001V3NO.F),fund,2025-04-30,2026-10-02,1.4,340,12.72,8.77,6.47,0.79,-6.58,1.385,-0.619,58.1,108.980003,,
LU2637966677,Allianz Trgt Mat € o Bd II CT €,Fixed Income,EUR,yfinance (ticker=0P0001RHFG.F),fund,2023-09-13,2026-10-02,3.1,729,11.54,3.64,1.44,-0.146,-1.02,3.708,-0.114,56.2,111.550003,,
BM_MSCI_CHINA,MSCI China ETF (iShares),RV Emergentes,USD,,benchmark,2015-04-08,2026-10-01,11.5,2903,9.59,0.8,26.12,0.008,-52.26,0.081,-2.377,49.1,5.655,BM_MSCI_CHINA,CNYA.L
LU3034474745,Allianz Dyn MltAst Stgy SRI15 CM5 EUR,Mixed,EUR,yfinance (ticker=0P0001V3NM.F),fund,2025-04-30,2026-10-02,1.4,341,9.42,6.53,5.68,0.499,-6.04,1.131,-0.558,56.2,106.449997,,
IE00BDT57Y96,PIMCO GIS Low Dur Inc E EUR Hdg Acc,Fixed Income,EUR,yfinance (ticker=0P0001D6OX.F),fund,2018-05-31,2026-10-01,8.3,2059,9.2,1.06,3.11,-0.923,-11.33,0.099,-0.298,37.1,10.92,,
LU1462192250,Allianz Dyn MltAst Stgy SRI15 CT2 EUR,Mixed,EUR,yfinance (ticker=0P00018TZC.F),fund,2022-03-08,2026-10-02,4.6,1073,8.97,1.9,5.36,-0.342,-11.4,0.19,-0.513,51.0,116.889999,,
ES0108193006,Allianz Cartera Bonos 26 FI,Mixed,EUR,yfinance (ticker=0P0001QOC7.F),fund,2023-03-17,2026-10-01,3.5,888,8.97,2.45,1.49,-1.042,-1.42,1.721,-0.148,61.9,10.89663,,
LU0920839346,Allianz Europe Equity Gr Sel AT EUR,Equity EU,EUR,yfinance (ticker=0P0000YRQ1.F),fund,2022-03-08,2026-10-02,4.6,1109,8.15,1.73,21.12,0.0,-27.31,0.147,-1.959,51.9,218.899994,,
LU2720182869,Allianz Target Mat € Bd III CT € Acc,Fixed Income,EUR,yfinance (ticker=0P0001S4KT.F),fund,2024-02-14,2026-10-02,2.6,640,7.17,2.67,1.41,-0.895,-1.6,1.716,-0.122,54.8,107.169998,,
LU1363153823,Allianz US Short Dur Hi Inc Bd AT H2 EUR,Fixed Income,EUR,yfinance (ticker=0P00017LY4.F),fund,2022-03-08,2026-10-02,4.6,1081,6.83,1.46,4.37,-0.541,-8.11,0.202,-0.416,51.8,119.25,,
LU1459823750,Allianz US Short Dur Hi Inc Bd CT H2 EUR,Fixed Income,EUR,yfinance (ticker=0P00018HPH.F),fund,2022-03-08,2026-10-02,4.6,1080,6.11,1.31,4.33,-0.583,-8.11,0.182,-0.412,51.8,112.089996,,
LU0920839429,Allianz Europe Equity Gr Sel CT EUR,Equity EU,EUR,yfinance (ticker=0P0000YRQ2.F),fund,2022-03-08,2026-10-02,4.6,1112,4.49,0.97,21.09,-0.037,-27.59,0.117,-1.959,51.9,197.970001,,
LU1254136416,Allianz Dynamic MA Stgy Eurp Defsv ATEUR,Fixed Income,EUR,yfinance (ticker=0P00016XEE.F),fund,2022-03-08,2026-10-02,4.6,1104,3.6,0.78,7.3,-0.401,-13.9,0.077,-0.71,51.5,115.599998,,
IE00B3QDMK77,PIMCO GIS Euro Income Bond E EUR Acc,Fixed Income,EUR,yfinance (ticker=0P0000SOHQ.F),fund,2018-01-02,2026-10-01,8.7,2186,3.05,0.34,3.53,-1.018,-17.85,0.023,-0.358,41.9,14.21,,
ES0108283005,Allianz Rendimiento FI,Fixed Income,EUR,yfinance (ticker=0P0001TDG0.F),fund,2024-07-22,2026-10-01,2.2,551,2.61,1.18,0.89,-3.169,-1.06,1.116,-0.012,85.6,102.461288,,
ES0108203003,Allianz Conservador Dinamico FI,Mixed,EUR,yfinance (ticker=0P0001JD2U.F),fund,2020-02-28,2026-09-30,6.6,1667,1.51,0.23,0.36,-10.629,-5.34,0.042,-0.034,56.7,10.15051,,
LU0256840793,Allianz Euroland Equity Growth CT EUR,Equity EU,EUR,yfinance (ticker=0P00009QB3.F),fund,2022-03-08,2026-10-02,4.6,1110,0.12,0.03,20.61,-0.09,-28.81,0.075,-2.07,51.5,235.270004,,
LU3270886024,Allianz Europe Equity Crescendo CT2 EUR,Equity EU,EUR,yfinance (ticker=0P00021CKJ.F),fund,2026-03-09,2026-10-02,0.6,140,-0.87,-1.53,1.79,-3.114,-1.4,1.124,-0.193,46.0,99.129997,,
LU1205638155,Allianz Advanced Fixed Inc Euro AT EUR,Fixed Income,EUR,yfinance (ticker=0P000195I3.F),fund,2022-03-08,2026-10-02,4.6,1107,-1.45,-0.32,3.65,-1.168,-11.67,0.023,-0.358,49.3,97.610001,,
LU1459823677,Allianz Advanced Fixed Inc Euro CT EUR,Fixed Income,EUR,yfinance (ticker=0P00018TZA.F),fund,2022-03-08,2026-10-02,4.6,1109,-3.23,-0.72,3.65,-1.283,-11.89,0.057,-0.363,48.9,93.089996,,
LU0348826909,Allianz All China Equity AT EUR,Equity EM,EUR,yfinance (ticker=0P0001NZBR.F),fund,2022-03-08,2026-09-30,4.6,986,-6.46,-1.45,24.31,-0.113,-45.18,0.028,-2.169,49.2,79.080002,,
LU0348740696,Allianz India Equity AT EUR,Equity EM,EUR,yfinance (ticker=0P0001SSFN.F),fund,2024-04-30,2026-10-01,2.4,567,-9.21,-3.91,17.88,-0.375,-37.08,0.073,-1.719,47.9,90.790001,,
BM_EUR_HY,iShares EUR High Yield Bond ETF,Renta Fija,EUR,,benchmark,2010-09-03,2026-10-01,16.1,4062,-11.28,-0.74,7.17,-0.625,-30.75,0.016,-0.517,54.1,88.150002,BM_EUR_HY,IHYG.L
BM_US_TREASURY,iShares $ Treasury Bond 20yr ETF,Renta Fija,USD,,benchmark,2015-01-21,2026-10-01,11.7,2956,-42.15,-4.57,14.45,-0.527,-55.59,0.065,-1.454,48.5,2.8985,BM_US_TREASURY,IDTL.L
